
    {
        "name": "parking",
        "color": "purple",
        "pose": {
            "pose": {
                "position": {
                    "x":  2.35442314584,
                    "y": 5.65341139023,
                    "z":  0.0600472062186
                },
                "orientation": {
                    "x": -0.0133512928897,
                    "y":  0.0046441514638,
                    "z": -0.38040558374,
                    "w": 0.92471172086
                }
            }
        }
    }